{"cameraMode":{"drawMode":0,"name":"Shaded","section":"Shading Mode"},"sceneLighting":true,"audioPlay":false,"sceneViewState":{"m_AlwaysRefresh":false,"showFog":true,"showSkybox":true,"showFlares":true,"showImageEffects":true,"showParticleSystems":true,"showVisualEffectGraphs":true,"m_FxEnabled":true},"in2DMode":false,"pivot":{"x":2.6880102157592775,"y":0.2069791555404663,"z":5.04364013671875},"rotation":{"x":0.012703554704785347,"y":-0.5307111740112305,"z":0.007974810898303986,"w":0.8474410176277161},"size":4.649309158325195,"orthographic":true}